CREATE DATABASE CSE_3A_156;
USE CSE_3A_156;
CREATE TABLE DEPOSITE(
	ACTNO INT,
	CNAME VARCHAR(50),
	BNAME VARCHAR(50),
	AMOUNT DECIMAL(8,2),
	ADATE DATETIME
);

INSERT INTO DEPOSITE
VALUES
	(101,'ANIL','VRCE',1000.00,1-3-95),
	(102,'SUNIL','AJNI',5000.00,4-1-96),
	(103,'MEHUL','KAROLBAGH',3500,17-11-95),
	(104,'MADHURI','CHANDI',1200,17-12-95),
	(105,'PRAMOD','M G ROAD',3000,27-6-96),
	(106,'SANDIP','ANDHERI',2000,31-3-96),
	(107,'SHIVANI','VIRAR',1000,5-9-95),
	(108,'KRANTI','NEHRU PALACE',5000,2-7-95),
	(109,'MINU','POWAI',7000,10-8-95)

	SELECT * FROM DEPOSITE;

	CREATE TABLE BRANCH(
	BNAME VARCHAR(50),
	CITY VARCHAR(50)
	)

	INSERT INTO BRANCH
	VALUES
		('VRCE','NAGPUR'),
		('AJNI','NAGPUR'),
		('KAROLBAGH','DELHI'),
		('CHANDI','DELHI'),
		('DHARAMPETH','NAGPUR'),
		('M G ROAD','BANGLORE'),
		('ANDHERI','BOMBAY'),
		('VIRAR','BOMBAY'),
		('NEHRU PALACE','DELHI'),
		('POWAI','BOMBAY')

		SELECT * FROM BRANCH;
		

		CREATE TABLE CUSTOMERS(
		CNAME VARCHAR(50),
		CITY VARCHAR(50)
		)
		INSERT INTO CUSTOMERS
		VALUES
			('ANIL','CALCUTTA'),
			('SUNIL','DELHI'),
			('MEHUL','BARODA'),
			('MANDAR','PATNA'),
			('MADHURI','NAGPUR'),
			('PRAMOD','NAGPUR'),
			('SANDIP','SURAT'),
			('SHIVANI','BOMBAY'),
			('KRANTI','BOMBAY'),
			('NAREN','BOMBAY')

			SELECT * FROM CUSTOMERS

			CREATE TABLE BORROW(
			LOANNO INT,
			CNAME VARCHAR(50),
			BNAME VARCHAR(50),
			AMOUNT DECIMAL(8,2)
			)

			INSERT INTO BORROW
			VALUES
				(201,'ANIL','VRCE',1000),
				(206,'MEHUL','AJNI',5000),
				(311,'SUNIL','DHARAMPETH',3000),
				(321,'MADHURI','ANDHERI',2000),
				(375,'PRAMOD','VIRAR',8000),
				(481,'KRANTI','NEHRU PALACE',3000)

				SELECT * FROM BORROW;